i,D.I.,A.Y.,I.COV,S,B.R.,S.R.,T.S.,MaxP.($),MinP.($),MedP.($),MeanP.($),P.SD,M.P.SD,MeanPCF,PCFSD,M.PCFSD,Mean P.F.,M.P.FSD
0,NOAA,2017,0.541589472,0.7,69,69,1,2194.875222,83.24131421,491.4097764,526.474214,258.8075799,183.038221,0.103685173,0.057792996,0.033752703,231.4377316,1.485610966
1,NOAA,2017,0.541589472,0.75,69,69,1,2588.498176,102.4225618,622.602717,664.4484667,322.3374494,203.989062,0.118138772,0.058560814,0.0345388,264.2629868,1.418913547
2,NOAA,2017,0.541589472,0.8,69,69,1,3020.245964,123.3417693,777.3375424,825.6461365,404.2678402,223.0514151,0.13350878,0.058734656,0.034951779,297.973535,1.328438217
3,NOAA,2017,0.541589472,0.85,69,69,1,3501.027645,146.2313476,957.3825778,1010.840163,506.6076805,239.6222873,0.149679363,0.058338234,0.034999872,332.0405293,1.227089892
4,NOAA,2017,0.541589472,0.9,69,69,1,4022.306586,171.3636882,1163.313283,1220.424144,630.4210861,253.2866283,0.166533478,0.057412009,0.034705628,366.1895652,1.121468805
5,NOAA,2017,0.541589472,0.7,69,49,1,2540.440267,66.61905985,442.7448307,483.9823039,256.196659,177.5208238,0.095012622,0.055698555,0.032984197,153.9506994,1.122462816
6,NOAA,2017,0.541589472,0.75,69,49,1,2969.374924,82.41731161,563.2177914,614.0787764,317.3220722,198.8300389,0.108689291,0.056478412,0.033880909,176.6795463,1.100615274
7,NOAA,2017,0.541589472,0.8,69,49,1,3439.032415,100.4610654,707.9450013,766.8863166,396.0681542,218.8367911,0.123313282,0.056691007,0.034453809,200.2155766,1.068761455
8,NOAA,2017,0.541589472,0.85,69,49,1,3960.792653,121.0053417,876.1080887,943.2587933,494.5953322,237.0959901,0.138777414,0.056364167,0.034714291,224.0891493,1.032797923
9,NOAA,2017,0.541589472,0.9,69,49,1,4528.649084,144.5187442,1067.729197,1143.689613,614.1039175,253.3591282,0.154971159,0.055539284,0.034691194,248.1573535,0.995995319
10,NOAA,2017,0.541589472,0.7,69,29,1,3424.232748,35.91774502,442.4756971,489.7511216,282.533471,214.2866019,0.096510534,0.061477918,0.040348341,92.58971645,0.882088293
11,NOAA,2017,0.541589472,0.75,69,29,1,3909.429104,49.50412346,565.1189332,620.9950263,346.5680184,241.2331883,0.110251852,0.062688302,0.041835695,106.1389036,0.885422499
12,NOAA,2017,0.541589472,0.8,69,29,1,4438.596036,64.51604282,707.7172267,775.0975184,427.7889174,267.3146511,0.12493238,0.063349343,0.042999304,120.1714178,0.87997681
13,NOAA,2017,0.541589472,0.85,69,29,1,5015.270763,84.9511925,871.2551966,952.8763057,528.5052065,292.1071342,0.140442748,0.063490946,0.043848271,134.3689225,0.869380907
14,NOAA,2017,0.541589472,0.9,69,29,1,5637.924842,101.6796942,1056.502701,1154.722728,650.0523525,315.3961769,0.156667633,0.063160129,0.044409469,148.6377316,0.855048955
15,NOAA,2017,0.541589472,0.7,69,9,1,7328.087215,0,410.298076,472.2679547,334.4696182,322.565366,0.096650554,0.071864077,0.059960501,29.59720227,0.478268621
16,NOAA,2017,0.541589472,0.75,69,9,1,8115.635283,6.578486896,526.1342933,598.1281939,399.4433216,371.292615,0.11012857,0.074266478,0.063114828,33.92589792,0.494754109
17,NOAA,2017,0.541589472,0.8,69,9,1,8947.51998,21.16075398,659.6710157,746.6423949,478.7009367,421.1840104,0.12455209,0.076149195,0.065945559,38.41466919,0.50677785
18,NOAA,2017,0.541589472,0.85,69,9,1,9809.395426,28.34023215,811.1516232,918.735021,575.2261543,471.6171695,0.139815033,0.07752969,0.068435306,42.96483932,0.515002231
19,NOAA,2017,0.541589472,0.9,69,9,1,10703.51838,36.832136,983.2849791,1115.138648,691.5682493,522.0358788,0.155816338,0.078434517,0.070584945,47.59538752,0.520053431
20,NOAA,2018,0.541589472,0.7,69,69,1,5662.280577,0,409.9296628,479.1978069,322.2993203,319.9919843,0.096650554,0.071864077,0.059960501,29.59720227,0.478268621
21,NOAA,2018,0.541589472,0.75,69,69,1,6270.804738,7.932528239,531.7956047,605.5424002,385.5448687,367.8925301,0.11012857,0.074266478,0.063114828,33.92589792,0.494754109
22,NOAA,2018,0.541589472,0.8,69,69,1,6913.587012,36.06525732,668.6282764,754.1229974,461.6511652,416.95646,0.12455209,0.076149195,0.065945559,38.41466919,0.50677785
23,NOAA,2018,0.541589472,0.85,69,69,1,7579.542596,46.39572498,837.5833734,925.7882632,553.1152387,466.5452522,0.139815033,0.07752969,0.068435306,42.96483932,0.515002231
24,NOAA,2018,0.541589472,0.9,69,69,1,8270.415243,57.7001384,1028.115745,1121.236375,662.0810163,516.1572588,0.155816338,0.078434517,0.070584945,47.59538752,0.520053431
25,NOAA,2018,0.541589472,0.7,69,49,1,5662.280577,0,409.9296628,479.1978069,322.2993203,319.9919843,0.096650554,0.071864077,0.059960501,29.59720227,0.478268621
26,NOAA,2018,0.541589472,0.75,69,49,1,6270.804738,7.932528239,531.7956047,605.5424002,385.5448687,367.8925301,0.11012857,0.074266478,0.063114828,33.92589792,0.494754109
27,NOAA,2018,0.541589472,0.8,69,49,1,6913.587012,36.06525732,668.6282764,754.1229974,461.6511652,416.95646,0.12455209,0.076149195,0.065945559,38.41466919,0.50677785
28,NOAA,2018,0.541589472,0.85,69,49,1,7579.542596,46.39572498,837.5833734,925.7882632,553.1152387,466.5452522,0.139815033,0.07752969,0.068435306,42.96483932,0.515002231
29,NOAA,2018,0.541589472,0.9,69,49,1,8270.415243,57.7001384,1028.115745,1121.236375,662.0810163,516.1572588,0.155816338,0.078434517,0.070584945,47.59538752,0.520053431
30,NOAA,2018,0.541589472,0.7,69,29,1,5662.280577,0,409.9296628,479.1978069,322.2993203,319.9919843,0.096650554,0.071864077,0.059960501,29.59720227,0.478268621
31,NOAA,2018,0.541589472,0.75,69,29,1,6270.804738,7.932528239,531.7956047,605.5424002,385.5448687,367.8925301,0.11012857,0.074266478,0.063114828,33.92589792,0.494754109
32,NOAA,2018,0.541589472,0.8,69,29,1,6913.587012,36.06525732,668.6282764,754.1229974,461.6511652,416.95646,0.12455209,0.076149195,0.065945559,38.41466919,0.50677785
33,NOAA,2018,0.541589472,0.85,69,29,1,7579.542596,46.39572498,837.5833734,925.7882632,553.1152387,466.5452522,0.139815033,0.07752969,0.068435306,42.96483932,0.515002231
34,NOAA,2018,0.541589472,0.9,69,29,1,8270.415243,57.7001384,1028.115745,1121.236375,662.0810163,516.1572588,0.155816338,0.078434517,0.070584945,47.59538752,0.520053431
35,NOAA,2018,0.541589472,0.7,69,9,1,5662.280577,0,409.9296628,479.1978069,322.2993203,319.9919843,0.096650554,0.071864077,0.059960501,29.59720227,0.478268621
36,NOAA,2018,0.541589472,0.75,69,9,1,6270.804738,7.932528239,531.7956047,605.5424002,385.5448687,367.8925301,0.11012857,0.074266478,0.063114828,33.92589792,0.494754109
37,NOAA,2018,0.541589472,0.8,69,9,1,6913.587012,36.06525732,668.6282764,754.1229974,461.6511652,416.95646,0.12455209,0.076149195,0.065945559,38.41466919,0.50677785
38,NOAA,2018,0.541589472,0.85,69,9,1,7579.542596,46.39572498,837.5833734,925.7882632,553.1152387,466.5452522,0.139815033,0.07752969,0.068435306,42.96483932,0.515002231
39,NOAA,2018,0.541589472,0.9,69,9,1,8270.415243,57.7001384,1028.115745,1121.236375,662.0810163,516.1572588,0.155816338,0.078434517,0.070584945,47.59538752,0.520053431
40,PDSI,2017,0.211563593,0.7,69,69,,99.0543603,0,0,0.091595517,1.941828764,,0.001391686,0.002985744,,0.02429272,
41,PDSI,2017,0.211563593,0.75,69,69,,87.56638638,0,0,0.09526429,1.770987587,,0.002227585,0.003840598,,0.034930215,
42,PDSI,2017,0.211563593,0.8,69,69,,108.9215523,0,0,0.140200542,2.272996989,,0.003565787,0.004973004,,0.050999623,
43,PDSI,2017,0.211563593,0.85,69,69,,131.4547036,0,0,0.203316794,2.852019953,,0.005776964,0.006467286,,0.073858921,
44,PDSI,2017,0.211563593,0.9,69,69,,154.8666058,0,0,0.291072281,3.507376366,,0.009258002,0.008516571,,0.10818559,
45,PDSI,2017,0.211563593,0.7,69,49,,60.96662382,0,0,0.036636235,1.135608672,,0.000924596,0.002585539,,0.011241041,
46,PDSI,2017,0.211563593,0.75,69,49,,74.78193816,0,0,0.054865914,1.468819038,,0.001619641,0.00362881,,0.015843078,
47,PDSI,2017,0.211563593,0.8,69,49,,88.95683635,0,0,0.079859527,1.846345513,,0.002764697,0.004971934,,0.020897774,
48,PDSI,2017,0.211563593,0.85,69,49,,107.4102323,0,0,0.112348497,2.282887154,,0.004667142,0.006738563,,0.028215768,
49,PDSI,2017,0.211563593,0.9,69,49,,133.755976,0,0,0.156048221,2.776779807,,0.007711212,0.009171539,,0.039381366,
50,PDSI,2017,0.211563593,0.7,69,29,,111.7711709,0,0,0.037733039,1.719513836,,0.001469298,0.004606292,,0.007544323,
51,PDSI,2017,0.211563593,0.75,69,29,,135.9454728,0,0,0.052925869,2.206993267,,0.002811208,0.006634635,,0.009656733,
52,PDSI,2017,0.211563593,0.8,69,29,,161.9463468,0,0,0.071883277,2.765208643,,0.005166068,0.009351417,,0.012221803,
53,PDSI,2017,0.211563593,0.85,69,29,,206.4129041,0,0,0.096525717,3.3951151,,0.009006535,0.01299155,,0.016295737,
54,PDSI,2017,0.211563593,0.9,69,29,,253.1879021,0,0,0.129419184,4.096831969,,0.014983862,0.01773772,,0.022632969,
55,PDSI,2017,0.211563593,0.7,69,9,,391.2562358,0,0,0.135218656,6.183672221,,0.003757317,0.013962746,,0.008600528,
56,PDSI,2017,0.211563593,0.75,69,9,,467.8323067,0,0,0.182612302,7.819501793,,0.006930203,0.018928436,,0.010562052,
57,PDSI,2017,0.211563593,0.8,69,9,,605.0250472,0,0,0.241463947,9.686246401,,0.011717286,0.02460936,,0.013428895,
58,PDSI,2017,0.211563593,0.85,69,9,,756.7666839,0,0,0.314741677,11.73509816,,0.018886235,0.032148045,,0.017578272,
59,PDSI,2017,0.211563593,0.9,69,9,,924.3220683,0,0,0.411929114,14.00374667,,0.029321853,0.042030988,,0.024141833,
60,PDSI,2018,0.211563593,0.7,69,69,,291.1406608,0,0,0.118339879,4.96274258,,0.003757317,0.013962746,,0.008600528,
61,PDSI,2018,0.211563593,0.75,69,69,,357.7212127,0,0,0.163612535,6.465289995,,0.006930203,0.018928436,,0.010562052,
62,PDSI,2018,0.211563593,0.8,69,69,,467.4919216,0,0,0.220652534,8.221548698,,0.011717286,0.02460936,,0.013428895,
63,PDSI,2018,0.211563593,0.85,69,69,,584.7399423,0,0,0.291958999,10.19601093,,0.018886235,0.032148045,,0.017578272,
64,PDSI,2018,0.211563593,0.9,69,69,,714.2069602,0,0,0.387429975,12.41301795,,0.029321853,0.042030988,,0.024141833,
65,PDSI,2018,0.211563593,0.7,69,49,,291.1406608,0,0,0.118339879,4.96274258,,0.003757317,0.013962746,,0.008600528,
66,PDSI,2018,0.211563593,0.75,69,49,,357.7212127,0,0,0.163612535,6.465289995,,0.006930203,0.018928436,,0.010562052,
67,PDSI,2018,0.211563593,0.8,69,49,,467.4919216,0,0,0.220652534,8.221548698,,0.011717286,0.02460936,,0.013428895,
68,PDSI,2018,0.211563593,0.85,69,49,,584.7399423,0,0,0.291958999,10.19601093,,0.018886235,0.032148045,,0.017578272,
69,PDSI,2018,0.211563593,0.9,69,49,,714.2069602,0,0,0.387429975,12.41301795,,0.029321853,0.042030988,,0.024141833,
70,PDSI,2018,0.211563593,0.7,69,29,,291.1406608,0,0,0.118339879,4.96274258,,0.003757317,0.013962746,,0.008600528,
71,PDSI,2018,0.211563593,0.75,69,29,,357.7212127,0,0,0.163612535,6.465289995,,0.006930203,0.018928436,,0.010562052,
72,PDSI,2018,0.211563593,0.8,69,29,,467.4919216,0,0,0.220652534,8.221548698,,0.011717286,0.02460936,,0.013428895,
73,PDSI,2018,0.211563593,0.85,69,29,,584.7399423,0,0,0.291958999,10.19601093,,0.018886235,0.032148045,,0.017578272,
74,PDSI,2018,0.211563593,0.9,69,29,,714.2069602,0,0,0.387429975,12.41301795,,0.029321853,0.042030988,,0.024141833,
75,PDSI,2018,0.211563593,0.7,69,9,,291.1406608,0,0,0.118339879,4.96274258,,0.003757317,0.013962746,,0.008600528,
76,PDSI,2018,0.211563593,0.75,69,9,,357.7212127,0,0,0.163612535,6.465289995,,0.006930203,0.018928436,,0.010562052,
77,PDSI,2018,0.211563593,0.8,69,9,,467.4919216,0,0,0.220652534,8.221548698,,0.011717286,0.02460936,,0.013428895,
78,PDSI,2018,0.211563593,0.85,69,9,,584.7399423,0,0,0.291958999,10.19601093,,0.018886235,0.032148045,,0.017578272,
79,PDSI,2018,0.211563593,0.9,69,9,,714.2069602,0,0,0.387429975,12.41301795,,0.029321853,0.042030988,,0.024141833,
80,PDSIsc,2017,0.234695829,0.7,69,69,,53.61287781,0,0,0.106107619,1.455163996,,0.008367902,0.007481915,,0.079517163,
81,PDSIsc,2017,0.234695829,0.75,69,69,,67.24407288,0,0,0.176940196,1.970016823,,0.014485744,0.011441843,,0.126744625,
82,PDSIsc,2017,0.234695829,0.8,69,69,,90.77516095,0,0,0.287581561,2.620782323,,0.023838084,0.017734487,,0.200452659,
83,PDSIsc,2017,0.234695829,0.85,69,69,,113.9436874,0,0,0.454243279,3.414354328,,0.037173957,0.026272227,,0.301848359,
84,PDSIsc,2017,0.234695829,0.9,69,69,,137.779139,0,0,0.696926538,4.371082167,,0.055511112,0.03668404,,0.453941909,
85,PDSIsc,2017,0.234695829,0.7,69,49,,76.87512397,0,0,0.101562555,1.701098009,,0.008039899,0.010049172,,0.068049793,
86,PDSIsc,2017,0.234695829,0.75,69,49,,99.31278576,0,0,0.164885034,2.255223418,,0.013682753,0.014842752,,0.108864579,
87,PDSIsc,2017,0.234695829,0.8,69,49,,132.4842787,0,0,0.262416213,2.93625655,,0.022152534,0.021700464,,0.167634855,
88,PDSIsc,2017,0.234695829,0.85,69,49,,165.4231531,0,0,0.409770168,3.749369115,,0.03431417,0.030514739,,0.255299887,
89,PDSIsc,2017,0.234695829,0.9,69,49,,199.2827131,0,0,0.627587789,4.729193273,,0.051225641,0.04088396,,0.377593361,
90,PDSIsc,2017,0.234695829,0.7,69,29,,142.9474673,0,0,0.20243636,3.134279761,,0.016575035,0.021380886,,0.084873633,
91,PDSIsc,2017,0.234695829,0.75,69,29,,198.7233152,0,0,0.327587301,4.177182731,,0.027378977,0.031096017,,0.134288948,
92,PDSIsc,2017,0.234695829,0.8,69,29,,254.6299893,0,0,0.515154862,5.428933221,,0.042748341,0.043234554,,0.203772161,
93,PDSIsc,2017,0.234695829,0.85,69,29,,312.5369764,0,0,0.792930448,6.937755991,,0.063386554,0.056381558,,0.307129385,
94,PDSIsc,2017,0.234695829,0.9,69,29,,377.5060369,0,0,1.194997624,8.809987886,,0.089454003,0.0688367,,0.448585439,
95,PDSIsc,2017,0.234695829,0.7,69,9,,487.4037824,0,0,0.843920775,10.65992381,,0.03696943,0.053230742,,0.12546209,
96,PDSIsc,2017,0.234695829,0.75,69,9,,568.2116379,0,0,1.364823179,14.01659757,,0.054716514,0.069923342,,0.19532252,
97,PDSIsc,2017,0.234695829,0.8,69,9,,653.9408847,0,0,2.153992167,18.22729911,,0.077200377,0.086333002,,0.291135421,
98,PDSIsc,2017,0.234695829,0.85,69,9,,751.9605201,0,0,3.289379563,23.41506249,,0.104482523,0.101742636,,0.413730668,
99,PDSIsc,2017,0.234695829,0.9,69,9,,872.0610864,0,0,4.834320308,29.66641084,,0.13489348,0.115485881,,0.559185213,
100,PDSIsc,2018,0.234695829,0.7,69,69,,362.6857448,0,0,0.858724399,8.90137928,,0.03696943,0.053230742,,0.12546209,
101,PDSIsc,2018,0.234695829,0.75,69,69,,422.8162943,0,0,1.424904427,12.04172514,,0.054716514,0.069923342,,0.19532252,
102,PDSIsc,2018,0.234695829,0.8,69,69,,486.6089378,0,0,2.281772363,16.04436174,,0.077200377,0.086333002,,0.291135421,
103,PDSIsc,2018,0.234695829,0.85,69,69,,559.547076,0,0,3.497330072,20.99936288,,0.104482523,0.101742636,,0.413730668,
104,PDSIsc,2018,0.234695829,0.9,69,69,,648.9160242,0,0,5.118712383,26.9730002,,0.13489348,0.115485881,,0.559185213,
105,PDSIsc,2018,0.234695829,0.7,69,49,,362.6857448,0,0,0.858724399,8.90137928,,0.03696943,0.053230742,,0.12546209,
106,PDSIsc,2018,0.234695829,0.75,69,49,,422.8162943,0,0,1.424904427,12.04172514,,0.054716514,0.069923342,,0.19532252,
107,PDSIsc,2018,0.234695829,0.8,69,49,,486.6089378,0,0,2.281772363,16.04436174,,0.077200377,0.086333002,,0.291135421,
108,PDSIsc,2018,0.234695829,0.85,69,49,,559.547076,0,0,3.497330072,20.99936288,,0.104482523,0.101742636,,0.413730668,
109,PDSIsc,2018,0.234695829,0.9,69,49,,648.9160242,0,0,5.118712383,26.9730002,,0.13489348,0.115485881,,0.559185213,
110,PDSIsc,2018,0.234695829,0.7,69,29,,362.6857448,0,0,0.858724399,8.90137928,,0.03696943,0.053230742,,0.12546209,
111,PDSIsc,2018,0.234695829,0.75,69,29,,422.8162943,0,0,1.424904427,12.04172514,,0.054716514,0.069923342,,0.19532252,
112,PDSIsc,2018,0.234695829,0.8,69,29,,486.6089378,0,0,2.281772363,16.04436174,,0.077200377,0.086333002,,0.291135421,
113,PDSIsc,2018,0.234695829,0.85,69,29,,559.547076,0,0,3.497330072,20.99936288,,0.104482523,0.101742636,,0.413730668,
114,PDSIsc,2018,0.234695829,0.9,69,29,,648.9160242,0,0,5.118712383,26.9730002,,0.13489348,0.115485881,,0.559185213,
115,PDSIsc,2018,0.234695829,0.7,69,9,,362.6857448,0,0,0.858724399,8.90137928,,0.03696943,0.053230742,,0.12546209,
116,PDSIsc,2018,0.234695829,0.75,69,9,,422.8162943,0,0,1.424904427,12.04172514,,0.054716514,0.069923342,,0.19532252,
117,PDSIsc,2018,0.234695829,0.8,69,9,,486.6089378,0,0,2.281772363,16.04436174,,0.077200377,0.086333002,,0.291135421,
118,PDSIsc,2018,0.234695829,0.85,69,9,,559.547076,0,0,3.497330072,20.99936288,,0.104482523,0.101742636,,0.413730668,
119,PDSIsc,2018,0.234695829,0.9,69,9,,648.9160242,0,0,5.118712383,26.9730002,,0.13489348,0.115485881,,0.559185213,
120,PDSIz,2017,0.23304942,0.7,69,69,1,14.36486285,0,0,0.043770879,0.383866318,,0.000848654,0.001436555,,0.033345907,
121,PDSIz,2017,0.23304942,0.75,69,69,1,35.75062492,0,0,0.12719961,0.991067763,,0.001380036,0.001970007,,0.047001132,
122,PDSIz,2017,0.23304942,0.8,69,69,1,42.35160471,0,0,0.180234344,1.25312647,,0.002298442,0.002749293,,0.062542437,
123,PDSIz,2017,0.23304942,0.85,69,69,1,48.85235253,0,0,0.248022281,1.55630751,,0.003917672,0.003917187,,0.083515654,
124,PDSIz,2017,0.23304942,0.9,69,69,1,55.24471052,0,0,0.336092314,1.902868713,,0.007183924,0.005887483,,0.109845341,
125,PDSIz,2017,0.23304942,0.7,69,49,1,38.20294666,0,0,0.158127989,1.23162894,,0.001184766,0.001968908,,0.042172765,
126,PDSIz,2017,0.23304942,0.75,69,49,1,47.3970808,0,0,0.222381054,1.556040639,,0.001839729,0.002637217,,0.057336854,
127,PDSIz,2017,0.23304942,0.8,69,49,1,56.46458494,0,0,0.306207389,1.930047977,,0.002857119,0.003499106,,0.076423991,
128,PDSIz,2017,0.23304942,0.85,69,49,1,67.19089657,0,0,0.417262234,2.363206767,,0.004683987,0.004906556,,0.102150132,
129,PDSIz,2017,0.23304942,0.9,69,49,1,80.33023708,0,0,0.562287753,2.858593245,,0.008282901,0.007254909,,0.13526971,
130,PDSIz,2017,0.23304942,0.7,69,29,1,42.45208569,0,0,0.214196093,1.715969575,,0.001711285,0.003145211,,0.037419842,
131,PDSIz,2017,0.23304942,0.75,69,29,1,49.55983999,0,0,0.301560537,2.179665152,,0.002655109,0.004129046,,0.050773293,
132,PDSIz,2017,0.23304942,0.8,69,29,1,56.58777253,0,0,0.41620304,2.719955895,,0.00410418,0.005350675,,0.069407771,
133,PDSIz,2017,0.23304942,0.85,69,29,1,63.52720504,0,0,0.569938393,3.346474338,,0.006780109,0.007402475,,0.09392682,
134,PDSIz,2017,0.23304942,0.9,69,29,1,71.19746734,0,0,0.772264662,4.079825122,,0.011812151,0.010571625,,0.124783101,
135,PDSIz,2017,0.23304942,0.7,69,9,1,127.9757456,0,0,0.192503537,2.692056922,,0.002940257,0.006487876,,0.015843078,
136,PDSIz,2017,0.23304942,0.75,69,9,1,157.1056667,0,0,0.301079629,3.619761042,,0.004709935,0.008389804,,0.021274991,
137,PDSIz,2017,0.23304942,0.8,69,9,1,185.8440883,0,0,0.448034721,4.728722788,,0.007392409,0.010853946,,0.029422859,
138,PDSIz,2017,0.23304942,0.85,69,9,1,214.1484466,0,0,0.652390505,6.02600168,,0.011498427,0.01404476,,0.041644662,
139,PDSIz,2017,0.23304942,0.9,69,9,1,245.268807,0,0,0.923317494,7.51608595,,0.01918531,0.018998645,,0.054545455,
140,PDSIz,2018,0.23304942,0.7,69,69,1,132.1923618,0,0,0.193808007,2.785199663,,0.002940257,0.006487876,,0.015843078,
141,PDSIz,2018,0.23304942,0.75,69,69,1,152.4942144,0,0,0.296360296,3.676142556,,0.004709935,0.008389804,,0.021274991,
142,PDSIz,2018,0.23304942,0.8,69,69,1,172.5833727,0,0,0.435616918,4.738586389,,0.007392409,0.010853946,,0.029422859,
143,PDSIz,2018,0.23304942,0.85,69,69,1,192.4367124,0,0,0.627108315,5.972228139,,0.011498427,0.01404476,,0.041644662,
144,PDSIz,2018,0.23304942,0.9,69,69,1,212.0350403,0,0,0.879468546,7.375007975,,0.01918531,0.018998645,,0.054545455,
145,PDSIz,2018,0.23304942,0.7,69,49,1,132.1923618,0,0,0.193808007,2.785199663,,0.002940257,0.006487876,,0.015843078,
146,PDSIz,2018,0.23304942,0.75,69,49,1,152.4942144,0,0,0.296360296,3.676142556,,0.004709935,0.008389804,,0.021274991,
147,PDSIz,2018,0.23304942,0.8,69,49,1,172.5833727,0,0,0.435616918,4.738586389,,0.007392409,0.010853946,,0.029422859,
148,PDSIz,2018,0.23304942,0.85,69,49,1,192.4367124,0,0,0.627108315,5.972228139,,0.011498427,0.01404476,,0.041644662,
149,PDSIz,2018,0.23304942,0.9,69,49,1,212.0350403,0,0,0.879468546,7.375007975,,0.01918531,0.018998645,,0.054545455,
150,PDSIz,2018,0.23304942,0.7,69,29,1,132.1923618,0,0,0.193808007,2.785199663,,0.002940257,0.006487876,,0.015843078,
151,PDSIz,2018,0.23304942,0.75,69,29,1,152.4942144,0,0,0.296360296,3.676142556,,0.004709935,0.008389804,,0.021274991,
152,PDSIz,2018,0.23304942,0.8,69,29,1,172.5833727,0,0,0.435616918,4.738586389,,0.007392409,0.010853946,,0.029422859,
153,PDSIz,2018,0.23304942,0.85,69,29,1,192.4367124,0,0,0.627108315,5.972228139,,0.011498427,0.01404476,,0.041644662,
154,PDSIz,2018,0.23304942,0.9,69,29,1,212.0350403,0,0,0.879468546,7.375007975,,0.01918531,0.018998645,,0.054545455,
155,PDSIz,2018,0.23304942,0.7,69,9,1,132.1923618,0,0,0.193808007,2.785199663,,0.002940257,0.006487876,,0.015843078,
156,PDSIz,2018,0.23304942,0.75,69,9,1,152.4942144,0,0,0.296360296,3.676142556,,0.004709935,0.008389804,,0.021274991,
157,PDSIz,2018,0.23304942,0.8,69,9,1,172.5833727,0,0,0.435616918,4.738586389,,0.007392409,0.010853946,,0.029422859,
158,PDSIz,2018,0.23304942,0.85,69,9,1,192.4367124,0,0,0.627108315,5.972228139,,0.011498427,0.01404476,,0.041644662,
159,PDSIz,2018,0.23304942,0.9,69,9,1,212.0350403,0,0,0.879468546,7.375007975,,0.01918531,0.018998645,,0.054545455,
160,SPI-1,2017,0.225043546,0.7,69,69,1,37.28702318,0,0,0.460810238,1.582629803,,0.015277422,0.004711887,,0.300716711,
161,SPI-1,2017,0.225043546,0.75,69,69,1,47.34824264,0,0,0.804975976,2.186320201,,0.024172085,0.006247634,,0.488570351,
162,SPI-1,2017,0.225043546,0.8,69,69,1,57.76464573,0,0,1.34518659,2.980109088,,0.0379019,0.00841172,,0.762127499,
163,SPI-1,2017,0.225043546,0.85,69,69,1,68.0085174,0,0.500682235,2.136010629,3.996184748,,0.058184692,0.010849372,,1.116408902,
164,SPI-1,2017,0.225043546,0.9,69,69,1,78.06581533,0,1.243822527,3.242630493,5.252444688,,0.086599763,0.013504265,,1.57080347,
165,SPI-1,2017,0.225043546,0.7,69,49,1,35.01400754,0,0,0.598147814,1.912102314,,0.015472884,0.005370126,,0.295963787,
166,SPI-1,2017,0.225043546,0.75,69,49,1,41.17519615,0,0,1.027616395,2.63810623,,0.024092518,0.007010001,,0.469332327,
167,SPI-1,2017,0.225043546,0.8,69,49,1,48.98014169,0,0,1.676252004,3.57669773,,0.037390624,0.00925298,,0.698453414,
168,SPI-1,2017,0.225043546,0.85,69,49,1,64.07603854,0,0.454501717,2.59453123,4.740941983,,0.057110593,0.012318304,,0.992606564,
169,SPI-1,2017,0.225043546,0.9,69,49,1,80.6433554,0,1.397795397,3.850002897,6.160560157,,0.084762079,0.015496939,,1.352168993,
170,SPI-1,2017,0.225043546,0.7,69,29,1,58.98173921,0,0,0.769800416,2.990432715,,0.016981001,0.0079915,,0.188230856,
171,SPI-1,2017,0.225043546,0.75,69,29,1,69.24780028,0,0,1.279391017,4.046046317,,0.02614175,0.010279552,,0.294983025,
172,SPI-1,2017,0.225043546,0.8,69,29,1,84.07836927,0,0,2.035204205,5.390918997,,0.040223322,0.013333506,,0.442927197,
173,SPI-1,2017,0.225043546,0.85,69,29,1,109.2356935,0,0,3.098987284,7.058753277,,0.061092362,0.01725039,,0.631761599,
174,SPI-1,2017,0.225043546,0.9,69,29,1,133.8332493,0,0.019078609,4.548971241,9.085694692,,0.090123706,0.021840328,,0.877857412,
175,SPI-1,2017,0.225043546,0.7,69,9,1,154.6777496,0,0,1.544108136,7.418281921,,0.025723433,0.015971672,,0.148849491,
176,SPI-1,2017,0.225043546,0.75,69,9,1,169.8028725,0,0,2.452412912,9.745479554,,0.037627505,0.020092587,,0.22406639,
177,SPI-1,2017,0.225043546,0.8,69,9,1,184.8481491,0,0,3.771487036,12.58275874,,0.054538089,0.025652455,,0.320256507,
178,SPI-1,2017,0.225043546,0.85,69,9,1,225.0989761,0,0,5.608273806,16.02191978,,0.078348111,0.033111621,,0.445341381,
179,SPI-1,2017,0.225043546,0.9,69,9,1,266.6671984,0,0,8.079541785,20.11453373,,0.109894096,0.041694097,,0.606865334,
180,SPI-1,2018,0.225043546,0.7,69,69,1,117.8041691,0,0,1.585453522,7.20171809,,0.025723433,0.015971672,,0.148849491,
181,SPI-1,2018,0.225043546,0.75,69,69,1,154.1681191,0,0,2.559301713,9.667752943,,0.037627505,0.020092587,,0.22406639,
182,SPI-1,2018,0.225043546,0.8,69,69,1,198.4442467,0,0,3.979803863,12.69064185,,0.054538089,0.025652455,,0.320256507,
183,SPI-1,2018,0.225043546,0.85,69,69,1,241.9124011,0,0,5.963066427,16.33952644,,0.078348111,0.033111621,,0.445341381,
184,SPI-1,2018,0.225043546,0.9,69,69,1,286.5854984,0,0,8.637313623,20.6773044,,0.109894096,0.041694097,,0.606865334,
185,SPI-1,2018,0.225043546,0.7,69,49,1,117.8041691,0,0,1.585453522,7.20171809,,0.025723433,0.015971672,,0.148849491,
186,SPI-1,2018,0.225043546,0.75,69,49,1,154.1681191,0,0,2.559301713,9.667752943,,0.037627505,0.020092587,,0.22406639,
187,SPI-1,2018,0.225043546,0.8,69,49,1,198.4442467,0,0,3.979803863,12.69064185,,0.054538089,0.025652455,,0.320256507,
188,SPI-1,2018,0.225043546,0.85,69,49,1,241.9124011,0,0,5.963066427,16.33952644,,0.078348111,0.033111621,,0.445341381,
189,SPI-1,2018,0.225043546,0.9,69,49,1,286.5854984,0,0,8.637313623,20.6773044,,0.109894096,0.041694097,,0.606865334,
190,SPI-1,2018,0.225043546,0.7,69,29,1,117.8041691,0,0,1.585453522,7.20171809,,0.025723433,0.015971672,,0.148849491,
191,SPI-1,2018,0.225043546,0.75,69,29,1,154.1681191,0,0,2.559301713,9.667752943,,0.037627505,0.020092587,,0.22406639,
192,SPI-1,2018,0.225043546,0.8,69,29,1,198.4442467,0,0,3.979803863,12.69064185,,0.054538089,0.025652455,,0.320256507,
193,SPI-1,2018,0.225043546,0.85,69,29,1,241.9124011,0,0,5.963066427,16.33952644,,0.078348111,0.033111621,,0.445341381,
194,SPI-1,2018,0.225043546,0.9,69,29,1,286.5854984,0,0,8.637313623,20.6773044,,0.109894096,0.041694097,,0.606865334,
195,SPI-1,2018,0.225043546,0.7,69,9,1,117.8041691,0,0,1.585453522,7.20171809,,0.025723433,0.015971672,,0.148849491,
196,SPI-1,2018,0.225043546,0.75,69,9,1,154.1681191,0,0,2.559301713,9.667752943,,0.037627505,0.020092587,,0.22406639,
197,SPI-1,2018,0.225043546,0.8,69,9,1,198.4442467,0,0,3.979803863,12.69064185,,0.054538089,0.025652455,,0.320256507,
198,SPI-1,2018,0.225043546,0.85,69,9,1,241.9124011,0,0,5.963066427,16.33952644,,0.078348111,0.033111621,,0.445341381,
199,SPI-1,2018,0.225043546,0.9,69,9,1,286.5854984,0,0,8.637313623,20.6773044,,0.109894096,0.041694097,,0.606865334,
200,SPI-2,2017,0.199369638,0.7,69,69,2,43.08669068,0,0.309824735,2.156754511,4.185529438,,0.041902163,0.008533539,,1.119369199,
201,SPI-2,2017,0.199369638,0.75,69,69,2,44.66666052,0,0.942852301,2.812207804,4.658287174,,0.057255929,0.010157869,,1.758922508,
202,SPI-2,2017,0.199369638,0.8,69,69,2,57.43346105,0,2.01377338,4.528522247,6.510928829,,0.077428217,0.011770167,,2.674715159,
203,SPI-2,2017,0.199369638,0.85,69,69,2,77.47698125,0,3.63341975,7.012496698,8.90542324,,0.105036591,0.013716016,,3.954500868,
204,SPI-2,2017,0.199369638,0.9,69,69,2,102.8814992,0,5.854721125,10.46629389,11.95061136,,0.143739621,0.016425448,,5.631253301,
205,SPI-2,2017,0.199369638,0.7,69,49,2,52.44033537,0,0.660396056,2.920146321,5.249691068,,0.042353271,0.009947652,,1.291179356,
206,SPI-2,2017,0.199369638,0.75,69,49,2,64.1618024,0,1.739663866,4.556580163,7.064866298,,0.057232632,0.011618898,,1.901305365,
207,SPI-2,2017,0.199369638,0.8,69,49,2,80.5115419,0,3.259015828,6.872614681,9.340956965,,0.076555869,0.013486779,,2.732513393,
208,SPI-2,2017,0.199369638,0.85,69,49,2,98.50139076,0,5.493357237,10.05593952,12.15294061,,0.103112389,0.015762011,,3.820644382,
209,SPI-2,2017,0.199369638,0.9,69,49,2,117.8643411,0,8.48537339,14.28662225,15.64826751,,0.140112165,0.018508509,,5.161774693,
210,SPI-2,2017,0.199369638,0.7,69,29,2,74.07483802,0,0,3.370517595,7.190897224,,0.046147041,0.0138124,,0.853704542,
211,SPI-2,2017,0.199369638,0.75,69,29,2,93.18580903,0,0.79083343,5.200789012,9.485338859,,0.061974529,0.016498422,,1.250867663,
212,SPI-2,2017,0.199369638,0.8,69,29,2,112.0261041,0,2.596193992,7.784515137,12.31953856,,0.082219797,0.019423756,,1.806398069,
213,SPI-2,2017,0.199369638,0.85,69,29,2,137.9740149,0,5.09891567,11.31144346,15.81982846,,0.109886741,0.022943681,,2.518635884,
214,SPI-2,2017,0.199369638,0.9,69,29,2,171.0788295,0,8.600550156,15.97628724,20.09051142,,0.148137179,0.026757335,,3.416704391,
215,SPI-2,2017,0.199369638,0.7,69,9,2,166.5986482,0,0,5.854317278,15.19065419,,0.057883317,0.027197292,,0.567074091,
216,SPI-2,2017,0.199369638,0.75,69,9,2,200.8354615,0,0,8.739544087,19.62781798,,0.074973525,0.031565892,,0.789195715,
217,SPI-2,2017,0.199369638,0.8,69,9,2,245.0210161,0,0.323798352,12.59581461,24.8366177,,0.096211742,0.036217699,,1.063301645,
218,SPI-2,2017,0.199369638,0.85,69,9,2,296.9431937,0,3.672777543,17.64843117,30.85630862,,0.124960129,0.04134202,,1.406216991,
219,SPI-2,2017,0.199369638,0.9,69,9,2,350.2223836,0,8.543916235,24.15557328,37.78569446,,0.16413857,0.046610637,,1.82797646,
220,SPI-2,2018,0.199369638,0.7,69,69,2,150.2948958,0,0,6.399675895,15.62380879,,0.057883317,0.027197292,,0.567074091,
221,SPI-2,2018,0.199369638,0.75,69,69,2,177.2563522,0,0,9.546756107,20.35096709,,0.074973525,0.031565892,,0.789195715,
222,SPI-2,2018,0.199369638,0.8,69,69,2,213.36655,0,0.379792849,13.74402333,25.97983884,,0.096211742,0.036217699,,1.063301645,
223,SPI-2,2018,0.199369638,0.85,69,69,2,248.8994187,0,3.685701229,19.22483521,32.57325665,,0.124960129,0.04134202,,1.406216991,
224,SPI-2,2018,0.199369638,0.9,69,69,2,300.7714498,0,8.298770187,26.22920519,40.22345147,,0.16413857,0.046610637,,1.82797646,
225,SPI-2,2018,0.199369638,0.7,69,49,2,150.2948958,0,0,6.399675895,15.62380879,,0.057883317,0.027197292,,0.567074091,
226,SPI-2,2018,0.199369638,0.75,69,49,2,177.2563522,0,0,9.546756107,20.35096709,,0.074973525,0.031565892,,0.789195715,
227,SPI-2,2018,0.199369638,0.8,69,49,2,213.36655,0,0.379792849,13.74402333,25.97983884,,0.096211742,0.036217699,,1.063301645,
228,SPI-2,2018,0.199369638,0.85,69,49,2,248.8994187,0,3.685701229,19.22483521,32.57325665,,0.124960129,0.04134202,,1.406216991,
229,SPI-2,2018,0.199369638,0.9,69,49,2,300.7714498,0,8.298770187,26.22920519,40.22345147,,0.16413857,0.046610637,,1.82797646,
230,SPI-2,2018,0.199369638,0.7,69,29,2,150.2948958,0,0,6.399675895,15.62380879,,0.057883317,0.027197292,,0.567074091,
231,SPI-2,2018,0.199369638,0.75,69,29,2,177.2563522,0,0,9.546756107,20.35096709,,0.074973525,0.031565892,,0.789195715,
232,SPI-2,2018,0.199369638,0.8,69,29,2,213.36655,0,0.379792849,13.74402333,25.97983884,,0.096211742,0.036217699,,1.063301645,
233,SPI-2,2018,0.199369638,0.85,69,29,2,248.8994187,0,3.685701229,19.22483521,32.57325665,,0.124960129,0.04134202,,1.406216991,
234,SPI-2,2018,0.199369638,0.9,69,29,2,300.7714498,0,8.298770187,26.22920519,40.22345147,,0.16413857,0.046610637,,1.82797646,
235,SPI-2,2018,0.199369638,0.7,69,9,2,150.2948958,0,0,6.399675895,15.62380879,,0.057883317,0.027197292,,0.567074091,
236,SPI-2,2018,0.199369638,0.75,69,9,2,177.2563522,0,0,9.546756107,20.35096709,,0.074973525,0.031565892,,0.789195715,
237,SPI-2,2018,0.199369638,0.8,69,9,2,213.36655,0,0.379792849,13.74402333,25.97983884,,0.096211742,0.036217699,,1.063301645,
238,SPI-2,2018,0.199369638,0.85,69,9,2,248.8994187,0,3.685701229,19.22483521,32.57325665,,0.124960129,0.04134202,,1.406216991,
239,SPI-2,2018,0.199369638,0.9,69,9,2,300.7714498,0,8.298770187,26.22920519,40.22345147,,0.16413857,0.046610637,,1.82797646,
240,SPI-3,2017,0.194700497,0.7,69,69,3,30.98267952,0,0,1.01553995,2.449992138,,0.034626867,0.007946587,,0.740584195,
241,SPI-3,2017,0.194700497,0.75,69,69,3,39.33116769,0,0.273158452,1.727429713,3.410047982,,0.048156848,0.009792088,,1.17699449,
242,SPI-3,2017,0.194700497,0.8,69,69,3,50.17734166,0,1.00139367,2.837298921,4.689553164,,0.064824621,0.011523776,,1.816363499,
243,SPI-3,2017,0.194700497,0.85,69,69,3,65.09500227,0,2.07229823,4.485089734,6.369574165,,0.086682253,0.013310311,,2.688202883,
244,SPI-3,2017,0.194700497,0.9,69,69,3,79.83195663,0,3.60081831,6.834644735,8.554907643,,0.117515155,0.015454126,,3.881651445,
245,SPI-3,2017,0.194700497,0.7,69,49,3,44.3925661,0,0,1.176963554,3.105985108,,0.032812932,0.008987561,,0.635519662,
246,SPI-3,2017,0.194700497,0.75,69,49,3,56.16949548,0,0.012022502,1.947688419,4.275340448,,0.045724569,0.011083886,,0.975167937,
247,SPI-3,2017,0.194700497,0.8,69,49,3,72.38608144,0,0.751418221,3.112592455,5.789219517,,0.061908988,0.013032691,,1.459808287,
248,SPI-3,2017,0.194700497,0.85,69,49,3,93.48581286,0,1.942069022,4.797959788,7.686660461,,0.083120008,0.015069408,,2.106347649,
249,SPI-3,2017,0.194700497,0.9,69,49,3,114.1193449,0,3.590596433,7.148549775,10.04746502,,0.11315841,0.017543939,,2.936070647,
250,SPI-3,2017,0.194700497,0.7,69,29,3,55.62651468,0,0,1.267717709,4.270035012,,0.03664947,0.012463027,,0.399879236,
251,SPI-3,2017,0.194700497,0.75,69,29,3,74.81382815,0,0,2.013319806,5.663488349,,0.050629729,0.015384621,,0.606158955,
252,SPI-3,2017,0.194700497,0.8,69,29,3,93.7031613,0,0,3.157696744,7.412010675,,0.067958781,0.018495022,,0.912672655,
253,SPI-3,2017,0.194700497,0.85,69,29,3,112.2621175,0,0.488843358,4.834479732,9.583045115,,0.09046788,0.021710431,,1.33285531,
254,SPI-3,2017,0.194700497,0.9,69,29,3,131.1207151,0,2.045254845,7.199211325,12.24572851,,0.122380632,0.025948955,,1.884972451,
255,SPI-3,2017,0.194700497,0.7,69,9,3,134.2861176,0,0,2.292298821,9.622366746,,0.046733714,0.024668146,,0.297909276,
256,SPI-3,2017,0.194700497,0.75,69,9,3,153.5137937,0,0,3.460851939,12.13802287,,0.061968265,0.0292064,,0.428711601,
257,SPI-3,2017,0.194700497,0.8,69,9,3,175.3570938,0,0,5.144292923,15.17068663,,0.080218843,0.033877966,,0.594459959,
258,SPI-3,2017,0.194700497,0.85,69,9,3,197.0298071,0,0,7.506578216,18.80385254,,0.103599035,0.039304237,,0.811608423,
259,SPI-3,2017,0.194700497,0.9,69,9,3,218.4012134,0,0,10.7072637,23.12147285,,0.136873913,0.046268416,,1.079930561,
260,SPI-3,2018,0.194700497,0.7,69,69,3,129.9774696,0,0,2.661421586,10.36447165,,0.046733714,0.024668146,,0.297909276,
261,SPI-3,2018,0.194700497,0.75,69,69,3,148.5882145,0,0,3.985551848,13.19820707,,0.061968265,0.0292064,,0.428711601,
262,SPI-3,2018,0.194700497,0.8,69,69,3,167.0162885,0,0,5.872179664,16.61310613,,0.080218843,0.033877966,,0.594459959,
263,SPI-3,2018,0.194700497,0.85,69,69,3,185.2418313,0,0,8.491293712,20.69323392,,0.103599035,0.039304237,,0.811608423,
264,SPI-3,2018,0.194700497,0.9,69,69,3,203.2483591,0,0,12.01104571,25.5316109,,0.136873913,0.046268416,,1.079930561,
265,SPI-3,2018,0.194700497,0.7,69,49,3,129.9774696,0,0,2.661421586,10.36447165,,0.046733714,0.024668146,,0.297909276,
266,SPI-3,2018,0.194700497,0.75,69,49,3,148.5882145,0,0,3.985551848,13.19820707,,0.061968265,0.0292064,,0.428711601,
267,SPI-3,2018,0.194700497,0.8,69,49,3,167.0162885,0,0,5.872179664,16.61310613,,0.080218843,0.033877966,,0.594459959,
268,SPI-3,2018,0.194700497,0.85,69,49,3,185.2418313,0,0,8.491293712,20.69323392,,0.103599035,0.039304237,,0.811608423,
269,SPI-3,2018,0.194700497,0.9,69,49,3,203.2483591,0,0,12.01104571,25.5316109,,0.136873913,0.046268416,,1.079930561,
270,SPI-3,2018,0.194700497,0.7,69,29,3,129.9774696,0,0,2.661421586,10.36447165,,0.046733714,0.024668146,,0.297909276,
271,SPI-3,2018,0.194700497,0.75,69,29,3,148.5882145,0,0,3.985551848,13.19820707,,0.061968265,0.0292064,,0.428711601,
272,SPI-3,2018,0.194700497,0.8,69,29,3,167.0162885,0,0,5.872179664,16.61310613,,0.080218843,0.033877966,,0.594459959,
273,SPI-3,2018,0.194700497,0.85,69,29,3,185.2418313,0,0,8.491293712,20.69323392,,0.103599035,0.039304237,,0.811608423,
274,SPI-3,2018,0.194700497,0.9,69,29,3,203.2483591,0,0,12.01104571,25.5316109,,0.136873913,0.046268416,,1.079930561,
275,SPI-3,2018,0.194700497,0.7,69,9,3,129.9774696,0,0,2.661421586,10.36447165,,0.046733714,0.024668146,,0.297909276,
276,SPI-3,2018,0.194700497,0.75,69,9,3,148.5882145,0,0,3.985551848,13.19820707,,0.061968265,0.0292064,,0.428711601,
277,SPI-3,2018,0.194700497,0.8,69,9,3,167.0162885,0,0,5.872179664,16.61310613,,0.080218843,0.033877966,,0.594459959,
278,SPI-3,2018,0.194700497,0.85,69,9,3,185.2418313,0,0,8.491293712,20.69323392,,0.103599035,0.039304237,,0.811608423,
279,SPI-3,2018,0.194700497,0.9,69,9,3,203.2483591,0,0,12.01104571,25.5316109,,0.136873913,0.046268416,,1.079930561,
280,SPI-6,2017,0.194921779,0.7,69,69,6,11.03841471,0,0,0.028051025,0.292380889,,0.007809479,0.003797284,,0.047604655,
281,SPI-6,2017,0.194921779,0.75,69,69,6,13.95117417,0,0,0.052046055,0.403708416,,0.013667268,0.005031201,,0.086066193,
282,SPI-6,2017,0.194921779,0.8,69,69,6,17.9542989,0,0,0.097280232,0.570371446,,0.02243652,0.006667126,,0.145156415,
283,SPI-6,2017,0.194921779,0.85,69,69,6,22.19928846,0,0,0.178560567,0.808713146,,0.034774311,0.008777981,,0.239685658,
284,SPI-6,2017,0.194921779,0.9,69,69,6,26.5368999,0,0,0.319631464,1.134341994,,0.051855725,0.011224232,,0.381743993,
285,SPI-6,2017,0.194921779,0.7,69,49,6,10.55550919,0,0,0.0352256,0.341934773,,0.007642523,0.004587835,,0.048133595,
286,SPI-6,2017,0.194921779,0.75,69,49,6,12.4954558,0,0,0.066080278,0.478851938,,0.012830055,0.005981957,,0.086821823,
287,SPI-6,2017,0.194921779,0.8,69,49,6,14.41217385,0,0,0.124435942,0.684674245,,0.020566267,0.007831754,,0.145307541,
288,SPI-6,2017,0.194921779,0.85,69,49,6,16.30313791,0,0,0.229791238,0.985809173,,0.031504128,0.010126881,,0.238325525,
289,SPI-6,2017,0.194921779,0.9,69,49,6,18.16625187,0,0,0.411249724,1.402802894,,0.046898302,0.013124209,,0.375547831,
290,SPI-6,2017,0.194921779,0.7,69,29,6,26.62138955,0,0,0.26218145,1.508432617,,0.013316274,0.008382057,,0.143947408,
291,SPI-6,2017,0.194921779,0.75,69,29,6,32.1471197,0,0,0.429048203,2.051502564,,0.020225897,0.010660776,,0.216412271,
292,SPI-6,2017,0.194921779,0.8,69,29,6,38.0800248,0,0,0.696088229,2.785248373,,0.029458986,0.013324491,,0.316382046,
293,SPI-6,2017,0.194921779,0.85,69,29,6,47.01063385,0,0,1.093082483,3.74746324,,0.041593826,0.016452956,,0.44506574,
294,SPI-6,2017,0.194921779,0.9,69,29,6,55.75700286,0,0,1.654308048,4.960359616,,0.058203927,0.020257157,,0.608659513,
295,SPI-6,2017,0.194921779,0.7,69,9,6,85.22164742,0,0,0.78917957,4.680097584,,0.018202537,0.017453043,,0.149085688,
296,SPI-6,2017,0.194921779,0.75,69,9,6,102.919992,0,0,1.18317569,6.030763569,,0.025913294,0.021408593,,0.209233792,
297,SPI-6,2017,0.194921779,0.8,69,9,6,120.3909226,0,0,1.729732846,7.645064969,,0.035817347,0.025891465,,0.281623092,
298,SPI-6,2017,0.194921779,0.85,69,9,6,137.6097146,0,0,2.451859664,9.533589868,,0.048761678,0.031126102,,0.365422397,
299,SPI-6,2017,0.194921779,0.9,69,9,6,154.5558466,0,0,3.384558967,11.69593269,,0.066759066,0.037471953,,0.472419525,
300,SPI-6,2018,0.194921779,0.7,69,69,6,132.6724826,0,0,1.295915604,8.324226832,,0.018202537,0.017453043,,0.149085688,
301,SPI-6,2018,0.194921779,0.75,69,69,6,159.0924492,0,0,1.878683042,10.44900577,,0.025913294,0.021408593,,0.209233792,
302,SPI-6,2018,0.194921779,0.8,69,69,6,186.0987974,0,0,2.654210513,12.92824369,,0.035817347,0.025891465,,0.281623092,
303,SPI-6,2018,0.194921779,0.85,69,69,6,212.7153929,0,0,3.647790156,15.78228784,,0.048761678,0.031126102,,0.365422397,
304,SPI-6,2018,0.194921779,0.9,69,69,6,238.9105138,0,0,4.890140085,18.98311139,,0.066759066,0.037471953,,0.472419525,
305,SPI-6,2018,0.194921779,0.7,69,49,6,132.6724826,0,0,1.295915604,8.324226832,,0.018202537,0.017453043,,0.149085688,
306,SPI-6,2018,0.194921779,0.75,69,49,6,159.0924492,0,0,1.878683042,10.44900577,,0.025913294,0.021408593,,0.209233792,
307,SPI-6,2018,0.194921779,0.8,69,49,6,186.0987974,0,0,2.654210513,12.92824369,,0.035817347,0.025891465,,0.281623092,
308,SPI-6,2018,0.194921779,0.85,69,49,6,212.7153929,0,0,3.647790156,15.78228784,,0.048761678,0.031126102,,0.365422397,
309,SPI-6,2018,0.194921779,0.9,69,49,6,238.9105138,0,0,4.890140085,18.98311139,,0.066759066,0.037471953,,0.472419525,
310,SPI-6,2018,0.194921779,0.7,69,29,6,132.6724826,0,0,1.295915604,8.324226832,,0.018202537,0.017453043,,0.149085688,
311,SPI-6,2018,0.194921779,0.75,69,29,6,159.0924492,0,0,1.878683042,10.44900577,,0.025913294,0.021408593,,0.209233792,
312,SPI-6,2018,0.194921779,0.8,69,29,6,186.0987974,0,0,2.654210513,12.92824369,,0.035817347,0.025891465,,0.281623092,
313,SPI-6,2018,0.194921779,0.85,69,29,6,212.7153929,0,0,3.647790156,15.78228784,,0.048761678,0.031126102,,0.365422397,
314,SPI-6,2018,0.194921779,0.9,69,29,6,238.9105138,0,0,4.890140085,18.98311139,,0.066759066,0.037471953,,0.472419525,
315,SPI-6,2018,0.194921779,0.7,69,9,6,132.6724826,0,0,1.295915604,8.324226832,,0.018202537,0.017453043,,0.149085688,
316,SPI-6,2018,0.194921779,0.75,69,9,6,159.0924492,0,0,1.878683042,10.44900577,,0.025913294,0.021408593,,0.209233792,
317,SPI-6,2018,0.194921779,0.8,69,9,6,186.0987974,0,0,2.654210513,12.92824369,,0.035817347,0.025891465,,0.281623092,
318,SPI-6,2018,0.194921779,0.85,69,9,6,212.7153929,0,0,3.647790156,15.78228784,,0.048761678,0.031126102,,0.365422397,
319,SPI-6,2018,0.194921779,0.9,69,9,6,238.9105138,0,0,4.890140085,18.98311139,,0.066759066,0.037471953,,0.472419525,
320,SPEI-1,2017,0.140290936,0.7,69,69,1,1.918224221,0,0,0.000988402,0.036352067,,1.87E-05,0.000169965,,0.001207092,
321,SPEI-1,2017,0.140290936,0.75,69,69,1,4.518062247,0,0,0.002681975,0.087797737,,3.13E-05,0.000234885,,0.001735194,
322,SPEI-1,2017,0.140290936,0.8,69,69,1,5.357992884,0,0,0.003824352,0.108895905,,5.30E-05,0.000314456,,0.002187854,
323,SPEI-1,2017,0.140290936,0.85,69,69,1,6.185120611,0,0,0.005423053,0.133480317,,0.000104963,0.000467009,,0.002942286,
324,SPEI-1,2017,0.140290936,0.9,69,69,1,6.998403402,0,0,0.007269578,0.162456352,,0.0002811,0.000837974,,0.003394945,
325,SPEI-1,2017,0.140290936,0.7,69,49,1,15.15083278,0,0,0.010873782,0.310032073,,3.79E-05,0.000290444,,0.002414183,
326,SPEI-1,2017,0.140290936,0.75,69,49,1,16.42892402,0,0,0.013344169,0.356938803,,6.54E-05,0.000397801,,0.002791399,
327,SPEI-1,2017,0.140290936,0.8,69,49,1,18.77064471,0,0,0.016315223,0.409685942,,0.000124666,0.00058228,,0.003319502,
328,SPEI-1,2017,0.140290936,0.85,69,49,1,21.08274313,0,0,0.020024034,0.46660675,,0.000273977,0.000946008,,0.004149378,
329,SPEI-1,2017,0.140290936,0.9,69,49,1,23.36280832,0,0,0.024199309,0.527780175,,0.000674914,0.001593286,,0.005205583,
330,SPEI-1,2017,0.140290936,0.7,69,29,1,22.62252098,0,0,0.016644334,0.467699063,,7.19E-05,0.000499794,,0.00233874,
331,SPEI-1,2017,0.140290936,0.75,69,29,1,24.82914129,0,0,0.020877544,0.540105432,,0.000123914,0.000690508,,0.003017729,
332,SPEI-1,2017,0.140290936,0.8,69,29,1,27.02419167,0,0,0.026332676,0.618975248,,0.00024635,0.001039136,,0.003696718,
333,SPEI-1,2017,0.140290936,0.85,69,29,1,29.20641424,0,0,0.0326859,0.709880513,,0.000550877,0.001718652,,0.004602037,
334,SPEI-1,2017,0.140290936,0.9,69,29,1,31.37476495,0,0,0.040149338,0.807556007,,0.001325294,0.002913232,,0.005507356,
335,SPEI-1,2017,0.140290936,0.7,69,9,1,90.50988151,0,0,0.06798802,1.858244839,,0.000311733,0.001803796,,0.003093172,
336,SPEI-1,2017,0.140290936,0.75,69,9,1,97.03604446,0,0,0.083639779,2.111034669,,0.000526553,0.002416639,,0.003621275,
337,SPEI-1,2017,0.140290936,0.8,69,9,1,103.5610093,0,0,0.10085087,2.384863592,,0.001023745,0.003730847,,0.003923048,
338,SPEI-1,2017,0.140290936,0.85,69,9,1,110.0846458,0,0,0.119582253,2.67042155,,0.001971424,0.00552056,,0.005054696,
339,SPEI-1,2017,0.140290936,0.9,69,9,1,120.9711579,0,0,0.142487345,2.981904193,,0.004152064,0.008469836,,0.006110902,
340,SPEI-1,2018,0.140290936,0.7,69,69,1,139.909054,0,0,0.091752451,2.599667792,,0.000311733,0.001803796,,0.003093172,
341,SPEI-1,2018,0.140290936,0.75,69,69,1,149.9971159,0,0,0.112331239,2.941056132,,0.000526553,0.002416639,,0.003621275,
342,SPEI-1,2018,0.140290936,0.8,69,69,1,160.0833258,0,0,0.134706797,3.313284114,,0.001023745,0.003730847,,0.003923048,
343,SPEI-1,2018,0.140290936,0.85,69,69,1,170.1674823,0,0,0.159407806,3.704949005,,0.001971424,0.00552056,,0.005054696,
344,SPEI-1,2018,0.140290936,0.9,69,69,1,180.2494183,0,0,0.188949772,4.12939864,,0.004152064,0.008469836,,0.006110902,
345,SPEI-1,2018,0.140290936,0.7,69,49,1,139.909054,0,0,0.091752451,2.599667792,,0.000311733,0.001803796,,0.003093172,
346,SPEI-1,2018,0.140290936,0.75,69,49,1,149.9971159,0,0,0.112331239,2.941056132,,0.000526553,0.002416639,,0.003621275,
347,SPEI-1,2018,0.140290936,0.8,69,49,1,160.0833258,0,0,0.134706797,3.313284114,,0.001023745,0.003730847,,0.003923048,
348,SPEI-1,2018,0.140290936,0.85,69,49,1,170.1674823,0,0,0.159407806,3.704949005,,0.001971424,0.00552056,,0.005054696,
349,SPEI-1,2018,0.140290936,0.9,69,49,1,180.2494183,0,0,0.188949772,4.12939864,,0.004152064,0.008469836,,0.006110902,
350,SPEI-1,2018,0.140290936,0.7,69,29,1,139.909054,0,0,0.091752451,2.599667792,,0.000311733,0.001803796,,0.003093172,
351,SPEI-1,2018,0.140290936,0.75,69,29,1,149.9971159,0,0,0.112331239,2.941056132,,0.000526553,0.002416639,,0.003621275,
352,SPEI-1,2018,0.140290936,0.8,69,29,1,160.0833258,0,0,0.134706797,3.313284114,,0.001023745,0.003730847,,0.003923048,
353,SPEI-1,2018,0.140290936,0.85,69,29,1,170.1674823,0,0,0.159407806,3.704949005,,0.001971424,0.00552056,,0.005054696,
354,SPEI-1,2018,0.140290936,0.9,69,29,1,180.2494183,0,0,0.188949772,4.12939864,,0.004152064,0.008469836,,0.006110902,
355,SPEI-1,2018,0.140290936,0.7,69,9,1,139.909054,0,0,0.091752451,2.599667792,,0.000311733,0.001803796,,0.003093172,
356,SPEI-1,2018,0.140290936,0.75,69,9,1,149.9971159,0,0,0.112331239,2.941056132,,0.000526553,0.002416639,,0.003621275,
357,SPEI-1,2018,0.140290936,0.8,69,9,1,160.0833258,0,0,0.134706797,3.313284114,,0.001023745,0.003730847,,0.003923048,
358,SPEI-1,2018,0.140290936,0.85,69,9,1,170.1674823,0,0,0.159407806,3.704949005,,0.001971424,0.00552056,,0.005054696,
359,SPEI-1,2018,0.140290936,0.9,69,9,1,180.2494183,0,0,0.188949772,4.12939864,,0.004152064,0.008469836,,0.006110902,
360,SPEI-2,2017,0.135329937,0.7,69,69,2,2.599907131,0,0,0.000393397,0.026318619,,4.91E-06,7.65E-05,,0.000452659,
361,SPEI-2,2017,0.135329937,0.75,69,69,2,2.059686913,0,0,0.000341354,0.02178473,,9.18E-06,0.000110889,,0.000452659,
362,SPEI-2,2017,0.135329937,0.8,69,69,2,2.277054458,0,0,0.000427084,0.025137888,,1.94E-05,0.000172161,,0.000528103,
363,SPEI-2,2017,0.135329937,0.85,69,69,2,2.492519483,0,0,0.000522963,0.028952763,,4.09E-05,0.000269813,,0.000603546,
364,SPEI-2,2017,0.135329937,0.9,69,69,2,2.705927141,0,0,0.00063459,0.033072493,,0.000119326,0.000494727,,0.000754432,
365,SPEI-2,2017,0.135329937,0.7,69,49,2,2.598319157,0,0,0.000400436,0.026519621,,6.95E-06,0.000108248,,0.000452659,
366,SPEI-2,2017,0.135329937,0.75,69,49,2,2.9049472,0,0,0.00048838,0.030959163,,1.30E-05,0.000159229,,0.000452659,
367,SPEI-2,2017,0.135329937,0.8,69,49,2,3.209204681,0,0,0.000617582,0.035796472,,2.33E-05,0.000225884,,0.000528103,
368,SPEI-2,2017,0.135329937,0.85,69,49,2,3.510833872,0,0,0.000753597,0.041261508,,5.32E-05,0.000363197,,0.000603546,
369,SPEI-2,2017,0.135329937,0.9,69,49,2,3.809620858,0,0,0.000923289,0.047150843,,0.000170479,0.000703584,,0.000829876,
370,SPEI-2,2017,0.135329937,0.7,69,29,2,4.389243549,0,0,0.000696179,0.045408123,,1.35E-05,0.000196951,,0.000452659,
371,SPEI-2,2017,0.135329937,0.75,69,29,2,4.900047327,0,0,0.000859554,0.052908088,,2.50E-05,0.000281193,,0.000528103,
372,SPEI-2,2017,0.135329937,0.8,69,29,2,5.406987065,0,0,0.001083069,0.061417812,,4.36E-05,0.000384684,,0.000528103,
373,SPEI-2,2017,0.135329937,0.85,69,29,2,5.909642664,0,0,0.001326837,0.070853734,,0.000124343,0.000705224,,0.000754432,
374,SPEI-2,2017,0.135329937,0.9,69,29,2,6.407665438,0,0,0.001646807,0.081103068,,0.000400664,0.001410988,,0.000829876,
375,SPEI-2,2017,0.135329937,0.7,69,9,2,13.46746324,0,0,0.002235493,0.142559417,,5.19E-05,0.000681193,,0.000452659,
376,SPEI-2,2017,0.135329937,0.75,69,9,2,14.99863423,0,0,0.002853876,0.166518776,,9.62E-05,0.00098435,,0.000528103,
377,SPEI-2,2017,0.135329937,0.8,69,9,2,16.51865671,0,0,0.003543405,0.194070714,,0.000210761,0.001517397,,0.000603546,
378,SPEI-2,2017,0.135329937,0.85,69,9,2,18.02631863,0,0,0.004427484,0.224170595,,0.000601541,0.002769006,,0.000829876,
379,SPEI-2,2017,0.135329937,0.9,69,9,2,19.52061395,0,0,0.005727415,0.258335799,,0.001811768,0.005479619,,0.001056205,
380,SPEI-2,2018,0.135329937,0.7,69,69,2,14.70198113,0,0,0.002552694,0.157763772,,5.19E-05,0.000681193,,0.000452659,
381,SPEI-2,2018,0.135329937,0.75,69,69,2,16.37350951,0,0,0.003203308,0.183937164,,9.62E-05,0.00098435,,0.000528103,
382,SPEI-2,2018,0.135329937,0.8,69,69,2,18.03286744,0,0,0.003920452,0.212126029,,0.000210761,0.001517397,,0.000603546,
383,SPEI-2,2018,0.135329937,0.85,69,69,2,19.67873174,0,0,0.004873466,0.242093312,,0.000601541,0.002769006,,0.000829876,
384,SPEI-2,2018,0.135329937,0.9,69,69,2,21.31000418,0,0,0.00627227,0.276128899,,0.001811768,0.005479619,,0.001056205,
385,SPEI-2,2018,0.135329937,0.7,69,49,2,14.70198113,0,0,0.002552694,0.157763772,,5.19E-05,0.000681193,,0.000452659,
386,SPEI-2,2018,0.135329937,0.75,69,49,2,16.37350951,0,0,0.003203308,0.183937164,,9.62E-05,0.00098435,,0.000528103,
387,SPEI-2,2018,0.135329937,0.8,69,49,2,18.03286744,0,0,0.003920452,0.212126029,,0.000210761,0.001517397,,0.000603546,
388,SPEI-2,2018,0.135329937,0.85,69,49,2,19.67873174,0,0,0.004873466,0.242093312,,0.000601541,0.002769006,,0.000829876,
389,SPEI-2,2018,0.135329937,0.9,69,49,2,21.31000418,0,0,0.00627227,0.276128899,,0.001811768,0.005479619,,0.001056205,
390,SPEI-2,2018,0.135329937,0.7,69,29,2,14.70198113,0,0,0.002552694,0.157763772,,5.19E-05,0.000681193,,0.000452659,
391,SPEI-2,2018,0.135329937,0.75,69,29,2,16.37350951,0,0,0.003203308,0.183937164,,9.62E-05,0.00098435,,0.000528103,
392,SPEI-2,2018,0.135329937,0.8,69,29,2,18.03286744,0,0,0.003920452,0.212126029,,0.000210761,0.001517397,,0.000603546,
393,SPEI-2,2018,0.135329937,0.85,69,29,2,19.67873174,0,0,0.004873466,0.242093312,,0.000601541,0.002769006,,0.000829876,
394,SPEI-2,2018,0.135329937,0.9,69,29,2,21.31000418,0,0,0.00627227,0.276128899,,0.001811768,0.005479619,,0.001056205,
395,SPEI-2,2018,0.135329937,0.7,69,9,2,14.70198113,0,0,0.002552694,0.157763772,,5.19E-05,0.000681193,,0.000452659,
396,SPEI-2,2018,0.135329937,0.75,69,9,2,16.37350951,0,0,0.003203308,0.183937164,,9.62E-05,0.00098435,,0.000528103,
397,SPEI-2,2018,0.135329937,0.8,69,9,2,18.03286744,0,0,0.003920452,0.212126029,,0.000210761,0.001517397,,0.000603546,
398,SPEI-2,2018,0.135329937,0.85,69,9,2,19.67873174,0,0,0.004873466,0.242093312,,0.000601541,0.002769006,,0.000829876,
399,SPEI-2,2018,0.135329937,0.9,69,9,2,21.31000418,0,0,0.00627227,0.276128899,,0.001811768,0.005479619,,0.001056205,
400,SPEI-3,2017,0.216389059,0.7,69,69,3,19.1403828,0,0,0.245137255,0.925824626,,0.020506559,0.007135519,,0.297925311,
401,SPEI-3,2017,0.216389059,0.75,69,69,3,22.85084913,0,0,0.450974384,1.331372973,,0.030253196,0.009297852,,0.501093927,
402,SPEI-3,2017,0.216389059,0.8,69,69,3,26.51541979,0,0,0.810068454,1.876251883,,0.042690621,0.011476681,,0.806865334,
403,SPEI-3,2017,0.216389059,0.85,69,69,3,30.129105,0,0.216322148,1.388285568,2.590773542,,0.05948582,0.013700717,,1.240060355,
404,SPEI-3,2017,0.216389059,0.9,69,69,3,37.47029129,0,0.878327817,2.262885013,3.505078712,,0.084477928,0.016320072,,1.831686156,
405,SPEI-3,2017,0.216389059,0.7,69,49,3,27.40523676,0,0,0.316655165,1.224533309,,0.022235306,0.011468234,,0.29905696,
406,SPEI-3,2017,0.216389059,0.75,69,49,3,32.5973707,0,0,0.582195974,1.766767552,,0.032169322,0.014669298,,0.491512637,
407,SPEI-3,2017,0.216389059,0.8,69,49,3,37.72615163,0,0,1.03293607,2.492254598,,0.044732243,0.017727847,,0.775028291,
408,SPEI-3,2017,0.216389059,0.85,69,49,3,42.96159688,0,0.123082032,1.740353015,3.428672491,,0.061578436,0.020463041,,1.164843455,
409,SPEI-3,2017,0.216389059,0.9,69,49,3,54.95837693,0,0.901407967,2.786387377,4.603161308,,0.086630173,0.023584001,,1.675594115,
410,SPEI-3,2017,0.216389059,0.7,69,29,3,47.42569469,0,0,0.562297833,2.102312724,,0.030992528,0.021168752,,0.319879291,
411,SPEI-3,2017,0.216389059,0.75,69,29,3,56.07200821,0,0,1.010771873,3.017538582,,0.043329732,0.026630892,,0.504488872,
412,SPEI-3,2017,0.216389059,0.8,69,29,3,64.61532389,0,0,1.745789795,4.215077891,,0.058445202,0.031385968,,0.773519427,
413,SPEI-3,2017,0.216389059,0.85,69,29,3,73.04444375,0,0,2.852267185,5.717171965,,0.078207254,0.035457339,,1.123953225,
414,SPEI-3,2017,0.216389059,0.9,69,29,3,81.35007342,0,0.992727673,4.426193892,7.537975004,,0.106808231,0.039682687,,1.569370049,
415,SPEI-3,2017,0.216389059,0.7,69,9,3,116.7225808,0,0,1.912515065,6.884119454,,0.041945585,0.034290127,,0.349981139,
416,SPEI-3,2017,0.216389059,0.75,69,9,3,138.9851538,0,0,3.123720204,9.561481615,,0.056223916,0.0425847,,0.49626556,
417,SPEI-3,2017,0.216389059,0.8,69,9,3,160.9749878,0,0,4.864994512,12.82876991,,0.072816124,0.049614244,,0.674236137,
418,SPEI-3,2017,0.216389059,0.85,69,9,3,182.6624303,0,0,7.272822292,16.68480877,,0.093645847,0.055289357,,0.897472652,
419,SPEI-3,2017,0.216389059,0.9,69,9,3,221.6612262,0,0,10.48287289,21.16714895,,0.123512071,0.060822149,,1.16401358,
420,SPEI-3,2018,0.216389059,0.7,69,69,3,145.4941555,0,0,2.342961839,8.706400633,,0.041945585,0.034290127,,0.349981139,
421,SPEI-3,2018,0.216389059,0.75,69,69,3,172.7950978,0,0,3.711643409,11.83860187,,0.056223916,0.0425847,,0.49626556,
422,SPEI-3,2018,0.216389059,0.8,69,69,3,200.8905728,0,0,5.627016299,15.5547948,,0.072816124,0.049614244,,0.674236137,
423,SPEI-3,2018,0.216389059,0.85,69,69,3,232.8534567,0,0,8.224142644,19.81327882,,0.093645847,0.055289357,,0.897472652,
424,SPEI-3,2018,0.216389059,0.9,69,69,3,264.2705,0,0,11.64329218,24.6397335,,0.123512071,0.060822149,,1.16401358,
425,SPEI-3,2018,0.216389059,0.7,69,49,3,145.4941555,0,0,2.342961839,8.706400633,,0.041945585,0.034290127,,0.349981139,
426,SPEI-3,2018,0.216389059,0.75,69,49,3,172.7950978,0,0,3.711643409,11.83860187,,0.056223916,0.0425847,,0.49626556,
427,SPEI-3,2018,0.216389059,0.8,69,49,3,200.8905728,0,0,5.627016299,15.5547948,,0.072816124,0.049614244,,0.674236137,
428,SPEI-3,2018,0.216389059,0.85,69,49,3,232.8534567,0,0,8.224142644,19.81327882,,0.093645847,0.055289357,,0.897472652,
429,SPEI-3,2018,0.216389059,0.9,69,49,3,264.2705,0,0,11.64329218,24.6397335,,0.123512071,0.060822149,,1.16401358,
430,SPEI-3,2018,0.216389059,0.7,69,29,3,145.4941555,0,0,2.342961839,8.706400633,,0.041945585,0.034290127,,0.349981139,
431,SPEI-3,2018,0.216389059,0.75,69,29,3,172.7950978,0,0,3.711643409,11.83860187,,0.056223916,0.0425847,,0.49626556,
432,SPEI-3,2018,0.216389059,0.8,69,29,3,200.8905728,0,0,5.627016299,15.5547948,,0.072816124,0.049614244,,0.674236137,
433,SPEI-3,2018,0.216389059,0.85,69,29,3,232.8534567,0,0,8.224142644,19.81327882,,0.093645847,0.055289357,,0.897472652,
434,SPEI-3,2018,0.216389059,0.9,69,29,3,264.2705,0,0,11.64329218,24.6397335,,0.123512071,0.060822149,,1.16401358,
435,SPEI-3,2018,0.216389059,0.7,69,9,3,145.4941555,0,0,2.342961839,8.706400633,,0.041945585,0.034290127,,0.349981139,
436,SPEI-3,2018,0.216389059,0.75,69,9,3,172.7950978,0,0,3.711643409,11.83860187,,0.056223916,0.0425847,,0.49626556,
437,SPEI-3,2018,0.216389059,0.8,69,9,3,200.8905728,0,0,5.627016299,15.5547948,,0.072816124,0.049614244,,0.674236137,
438,SPEI-3,2018,0.216389059,0.85,69,9,3,232.8534567,0,0,8.224142644,19.81327882,,0.093645847,0.055289357,,0.897472652,
439,SPEI-3,2018,0.216389059,0.9,69,9,3,264.2705,0,0,11.64329218,24.6397335,,0.123512071,0.060822149,,1.16401358,
440,SPEI-6,2017,0.164108026,0.7,69,69,6,3.011181246,0,0,0.000701379,0.042234224,,5.49E-05,0.000372439,,0.000528103,
441,SPEI-6,2017,0.164108026,0.75,69,69,6,3.596425317,0,0,0.00100084,0.054014585,,0.000133288,0.000592969,,0.000754432,
442,SPEI-6,2017,0.164108026,0.8,69,69,6,4.600862527,0,0,0.001405096,0.070371639,,0.000305212,0.000921509,,0.001056205,
443,SPEI-6,2017,0.164108026,0.85,69,69,6,5.587127116,0,0,0.001857206,0.08742274,,0.000660056,0.001342473,,0.001131648,
444,SPEI-6,2017,0.164108026,0.9,69,69,6,6.553740019,0,0,0.00240992,0.106242031,,0.001354235,0.001810644,,0.001735194,
445,SPEI-6,2017,0.164108026,0.7,69,49,6,4.283154181,0,0,0.001024569,0.060956261,,9.02E-05,0.000567416,,0.000528103,
446,SPEI-6,2017,0.164108026,0.75,69,49,6,5.230189201,0,0,0.00147194,0.078381586,,0.000210376,0.000904159,,0.000754432,
447,SPEI-6,2017,0.164108026,0.8,69,49,6,6.635880288,0,0,0.002067448,0.101997166,,0.000476814,0.001401519,,0.001056205,
448,SPEI-6,2017,0.164108026,0.85,69,49,6,8.016451342,0,0,0.002719745,0.126235487,,0.000964358,0.001961515,,0.001207092,
449,SPEI-6,2017,0.164108026,0.9,69,49,6,9.369857849,0,0,0.003565238,0.154050249,,0.001912065,0.002634205,,0.001961524,
450,SPEI-6,2017,0.164108026,0.7,69,29,6,7.434951313,0,0,0.001967386,0.110051613,,0.000229291,0.001204541,,0.000678989,
451,SPEI-6,2017,0.164108026,0.75,69,29,6,9.573981192,0,0,0.002826431,0.145282854,,0.000479861,0.001847828,,0.000980762,
452,SPEI-6,2017,0.164108026,0.8,69,29,6,11.91451219,0,0,0.003886172,0.18547336,,0.000954915,0.002682457,,0.001056205,
453,SPEI-6,2017,0.164108026,0.85,69,29,6,14.2145886,0,0,0.005114839,0.22860219,,0.001870948,0.00366708,,0.001584308,
454,SPEI-6,2017,0.164108026,0.9,69,29,6,16.47091785,0,0,0.006901034,0.283831637,,0.003650264,0.004953767,,0.002263297,
455,SPEI-6,2017,0.164108026,0.7,69,9,6,24.14727912,0,0,0.006774699,0.362082129,,0.000936374,0.004418199,,0.000754432,
456,SPEI-6,2017,0.164108026,0.75,69,9,6,31.26775617,0,0,0.009774673,0.481020424,,0.001868648,0.006725992,,0.001056205,
457,SPEI-6,2017,0.164108026,0.8,69,9,6,38.28255392,0,0,0.013150202,0.605403768,,0.003316615,0.009152954,,0.001207092,
458,SPEI-6,2017,0.164108026,0.85,69,9,6,45.18018287,0,0,0.017826913,0.756066062,,0.00542529,0.011591425,,0.002036967,
459,SPEI-6,2017,0.164108026,0.9,69,9,6,52.5698103,0,0,0.024001888,0.941646306,,0.008765365,0.014735912,,0.002791399,
460,SPEI-6,2018,0.164108026,0.7,69,69,6,37.32656504,0,0,0.010426311,0.558473642,,0.000936374,0.004418199,,0.000754432,
461,SPEI-6,2018,0.164108026,0.75,69,69,6,48.3333103,0,0,0.015110087,0.742074268,,0.001868648,0.006725992,,0.001056205,
462,SPEI-6,2018,0.164108026,0.8,69,69,6,59.1766978,0,0,0.02043296,0.934725763,,0.003316615,0.009152954,,0.001207092,
463,SPEI-6,2018,0.164108026,0.85,69,69,6,69.83896721,0,0,0.027966148,1.169247825,,0.00542529,0.011591425,,0.002036967,
464,SPEI-6,2018,0.164108026,0.9,69,69,6,81.26176178,0,0,0.038441085,1.460409512,,0.008765365,0.014735912,,0.002791399,
465,SPEI-6,2018,0.164108026,0.7,69,49,6,37.32656504,0,0,0.010426311,0.558473642,,0.000936374,0.004418199,,0.000754432,
466,SPEI-6,2018,0.164108026,0.75,69,49,6,48.3333103,0,0,0.015110087,0.742074268,,0.001868648,0.006725992,,0.001056205,
467,SPEI-6,2018,0.164108026,0.8,69,49,6,59.1766978,0,0,0.02043296,0.934725763,,0.003316615,0.009152954,,0.001207092,
468,SPEI-6,2018,0.164108026,0.85,69,49,6,69.83896721,0,0,0.027966148,1.169247825,,0.00542529,0.011591425,,0.002036967,
469,SPEI-6,2018,0.164108026,0.9,69,49,6,81.26176178,0,0,0.038441085,1.460409512,,0.008765365,0.014735912,,0.002791399,
470,SPEI-6,2018,0.164108026,0.7,69,29,6,37.32656504,0,0,0.010426311,0.558473642,,0.000936374,0.004418199,,0.000754432,
471,SPEI-6,2018,0.164108026,0.75,69,29,6,48.3333103,0,0,0.015110087,0.742074268,,0.001868648,0.006725992,,0.001056205,
472,SPEI-6,2018,0.164108026,0.8,69,29,6,59.1766978,0,0,0.02043296,0.934725763,,0.003316615,0.009152954,,0.001207092,
473,SPEI-6,2018,0.164108026,0.85,69,29,6,69.83896721,0,0,0.027966148,1.169247825,,0.00542529,0.011591425,,0.002036967,
474,SPEI-6,2018,0.164108026,0.9,69,29,6,81.26176178,0,0,0.038441085,1.460409512,,0.008765365,0.014735912,,0.002791399,
475,SPEI-6,2018,0.164108026,0.7,69,9,6,37.32656504,0,0,0.010426311,0.558473642,,0.000936374,0.004418199,,0.000754432,
476,SPEI-6,2018,0.164108026,0.75,69,9,6,48.3333103,0,0,0.015110087,0.742074268,,0.001868648,0.006725992,,0.001056205,
477,SPEI-6,2018,0.164108026,0.8,69,9,6,59.1766978,0,0,0.02043296,0.934725763,,0.003316615,0.009152954,,0.001207092,
478,SPEI-6,2018,0.164108026,0.85,69,9,6,69.83896721,0,0,0.027966148,1.169247825,,0.00542529,0.011591425,,0.002036967,
479,SPEI-6,2018,0.164108026,0.9,69,9,6,81.26176178,0,0,0.038441085,1.460409512,,0.008765365,0.014735912,,0.002791399,
